file	line	count
include/rift/discrete_state.hpp	152	0
include/rift/discrete_state.hpp	508	0
include/rift/discrete_state.hpp	510	0
include/rift/discrete_state.hpp	783	0
include/rift/discrete_state.hpp	785	0
include/rift/discrete_state.hpp	868	0
include/rift/discrete_state.hpp	870	0
include/rift/discrete_state.hpp	1003	0
include/rift/discrete_state.hpp	2144	0
include/rift/discrete_state.hpp	2278	0
include/rift/discrete_state.hpp	2282	0
include/rift/discrete_state.hpp	2291	0
include/rift/discrete_state.hpp	2298	0
include/rift/discrete_state.hpp	2306	0
include/rift/discrete_state.hpp	2404	0
include/rift/discrete_state.hpp	2424	0
include/rift/discrete_state.hpp	2461	0
include/rift/discrete_state.hpp	2516	0
include/rift/discrete_state.hpp	2642	0
include/rift/discrete_state.hpp	2643	0
include/rift/discrete_state.hpp	2644	0
include/rift/discrete_state.hpp	2645	0
include/rift/discrete_state.hpp	2646	0
include/rift/discrete_state.hpp	2647	0
include/rift/discrete_state.hpp	2650	0
include/rift/discrete_state.hpp	2651	0
include/rift/discrete_state.hpp	2652	0
include/rift/discrete_state.hpp	2653	0
include/rift/discrete_state.hpp	2658	0
include/rift/discrete_state.hpp	2659	0
include/rift/discrete_state.hpp	2660	0
include/rift/discrete_state.hpp	2720	0
include/rift/discrete_state.hpp	2721	0
include/rift/discrete_state.hpp	2722	0
include/rift/discrete_state.hpp	2723	0
include/rift/discrete_state.hpp	2816	0
include/rift/discrete_state.hpp	2832	0
include/rift/discrete_state.hpp	2840	0
include/rift/discrete_state.hpp	2842	0
include/rift/discrete_state.hpp	2843	0
include/rift/discrete_state.hpp	2844	0
include/rift/discrete_state.hpp	2845	0
include/rift/discrete_state.hpp	2853	0
include/rift/discrete_state.hpp	2859	0
include/rift/discrete_state.hpp	2871	0
include/rift/discrete_state.hpp	2888	0
include/rift/discrete_state.hpp	2932	0
include/rift/discrete_state.hpp	2950	0
include/rift/discrete_state.hpp	2951	0
include/rift/discrete_state.hpp	2952	0
include/rift/discrete_state.hpp	3154	0
include/rift/discrete_state.hpp	3155	0
include/rift/discrete_state.hpp	3247	0
include/rift/discrete_state.hpp	3261	0
include/rift/discrete_state.hpp	3262	0
include/rift/discrete_state.hpp	3263	0
include/rift/discrete_state.hpp	3265	0
include/rift/discrete_state.hpp	3266	0
include/rift/discrete_state.hpp	3267	0
include/rift/discrete_state.hpp	3270	0
include/rift/discrete_state.hpp	3275	0
include/rift/discrete_state.hpp	3290	0
include/rift/discrete_state.hpp	3291	0
include/rift/discrete_state.hpp	3292	0
include/rift/discrete_state.hpp	3293	0
include/rift/discrete_state.hpp	3294	0
include/rift/discrete_state.hpp	3295	0
include/rift/discrete_state.hpp	3296	0
include/rift/discrete_state.hpp	3297	0
include/rift/discrete_state.hpp	3298	0
include/rift/discrete_state.hpp	3299	0
include/rift/mesh_snapshot.hpp	405	0
include/rift/mesh_snapshot.hpp	548	0
include/rift/mesh_snapshot.hpp	666	0
src/discrete_state.cpp	62	0
src/discrete_state.cpp	337	0
src/discrete_state.cpp	339	0
src/discrete_state.cpp	392	0
src/discrete_state.cpp	394	0
src/discrete_state.cpp	395	0
src/discrete_state.cpp	396	0
src/discrete_state.cpp	397	0
src/discrete_state.cpp	398	0
src/discrete_state.cpp	399	0
src/discrete_state.cpp	401	0
src/discrete_state.cpp	402	0
src/discrete_state.cpp	403	0
src/discrete_state.cpp	404	0
src/discrete_state.cpp	405	0
src/discrete_state.cpp	406	0
src/discrete_state.cpp	407	0
src/discrete_state.cpp	408	0
src/discrete_state.cpp	409	0
src/discrete_state.cpp	410	0
src/discrete_state.cpp	411	0
src/discrete_state.cpp	413	0
src/discrete_state.cpp	416	0
src/discrete_state.cpp	417	0
src/discrete_state.cpp	418	0
src/discrete_state.cpp	419	0
src/discrete_state.cpp	421	0
src/discrete_state.cpp	422	0
src/discrete_state.cpp	433	0
src/discrete_state.cpp	436	0
src/discrete_state.cpp	437	0
src/discrete_state.cpp	438	0
src/discrete_state.cpp	684	0
src/discrete_state.cpp	686	0
src/discrete_state.cpp	687	0
src/discrete_state.cpp	689	0
src/discrete_state.cpp	690	0
src/discrete_state.cpp	758	0
src/discrete_state.cpp	942	0
src/discrete_state.cpp	966	0
src/discrete_state.cpp	967	0
src/discrete_state.cpp	968	0
src/discrete_state.cpp	969	0
src/discrete_state.cpp	970	0
src/discrete_state.cpp	971	0
src/discrete_state.cpp	973	0
src/discrete_state.cpp	974	0
src/discrete_state.cpp	975	0
src/discrete_state.cpp	976	0
src/discrete_state.cpp	977	0
src/discrete_state.cpp	978	0
src/discrete_state.cpp	979	0
src/discrete_state.cpp	1003	0
src/discrete_state.cpp	1004	0
src/discrete_state.cpp	1005	0
src/discrete_state.cpp	1006	0
src/discrete_state.cpp	1007	0
src/discrete_state.cpp	1008	0
src/discrete_state.cpp	1009	0
src/discrete_state.cpp	1010	0
src/discrete_state.cpp	1012	0
src/discrete_state.cpp	1014	0
src/discrete_state.cpp	1015	0
src/discrete_state.cpp	1016	0
src/discrete_state.cpp	1017	0
src/discrete_state.cpp	1018	0
src/discrete_state.cpp	1019	0
src/discrete_state.cpp	1020	0
src/discrete_state.cpp	1021	0
src/discrete_state.cpp	1022	0
src/discrete_state.cpp	1096	0
src/discrete_state.cpp	1097	0
src/discrete_state.cpp	1098	0
src/discrete_state.cpp	1100	0
src/discrete_state.cpp	1101	0
src/discrete_state.cpp	1102	0
src/discrete_state.cpp	1104	0
src/discrete_state.cpp	1105	0
src/discrete_state.cpp	1107	0
src/discrete_state.cpp	1108	0
src/discrete_state.cpp	1110	0
src/discrete_state.cpp	1111	0
src/discrete_state.cpp	1112	0
src/discrete_state.cpp	1113	0
src/discrete_state.cpp	1114	0
src/discrete_state.cpp	1115	0
src/discrete_state.cpp	1116	0
src/discrete_state.cpp	1117	0
src/discrete_state.cpp	1118	0
src/discrete_state.cpp	1120	0
src/discrete_state.cpp	1121	0
src/discrete_state.cpp	1122	0
src/discrete_state.cpp	1123	0
src/discrete_state.cpp	1125	0
src/discrete_state.cpp	1126	0
src/discrete_state.cpp	1127	0
src/discrete_state.cpp	1128	0
src/discrete_state.cpp	1130	0
src/discrete_state.cpp	1131	0
src/discrete_state.cpp	1132	0
src/discrete_state.cpp	1133	0
src/discrete_state.cpp	1135	0
src/discrete_state.cpp	1136	0
src/discrete_state.cpp	1137	0
src/discrete_state.cpp	1138	0
src/discrete_state.cpp	1139	0
src/discrete_state.cpp	1140	0
src/discrete_state.cpp	1141	0
src/discrete_state.cpp	1142	0
src/discrete_state.cpp	1144	0
src/discrete_state.cpp	1146	0
src/discrete_state.cpp	1147	0
src/discrete_state.cpp	1148	0
src/discrete_state.cpp	1149	0
src/discrete_state.cpp	1150	0
src/discrete_state.cpp	1152	0
src/discrete_state.cpp	1153	0
src/discrete_state.cpp	1154	0
src/discrete_state.cpp	1155	0
src/discrete_state.cpp	1159	0
src/discrete_state.cpp	1161	0
src/discrete_state.cpp	1164	0
src/discrete_state.cpp	1167	0
src/discrete_state.cpp	1171	0
src/discrete_state.cpp	1174	0
src/discrete_state.cpp	1178	0
src/discrete_state.cpp	1181	0
src/discrete_state.cpp	1185	0
src/discrete_state.cpp	1187	0
src/mesh_snapshot.cpp	97	0
src/mesh_snapshot.cpp	395	0
src/phase_graph.cpp	881	0
src/phase_graph.cpp	1009	0
