file	line	uncovered	total
include/rift/discrete_state.hpp	151	1	2
include/rift/discrete_state.hpp	529	2	4
include/rift/discrete_state.hpp	796	1	2
include/rift/discrete_state.hpp	1756	6	12
include/rift/discrete_state.hpp	1958	1	2
include/rift/discrete_state.hpp	2100	1	2
include/rift/discrete_state.hpp	2127	1	2
include/rift/discrete_state.hpp	2172	2	4
include/rift/discrete_state.hpp	2196	5	14
include/rift/discrete_state.hpp	2197	9	14
include/rift/discrete_state.hpp	2199	12	14
include/rift/discrete_state.hpp	2200	12	14
include/rift/discrete_state.hpp	2202	11	14
include/rift/discrete_state.hpp	2203	11	14
include/rift/discrete_state.hpp	2221	2	4
include/rift/discrete_state.hpp	2222	1	2
include/rift/discrete_state.hpp	2223	1	2
include/rift/discrete_state.hpp	2226	1	2
include/rift/discrete_state.hpp	2244	1	2
include/rift/discrete_state.hpp	2247	3	6
include/rift/discrete_state.hpp	2250	1	2
include/rift/discrete_state.hpp	2252	2	4
include/rift/discrete_state.hpp	2256	1	2
include/rift/discrete_state.hpp	2288	1	2
include/rift/discrete_state.hpp	2289	1	2
include/rift/discrete_state.hpp	2290	1	4
include/rift/discrete_state.hpp	2291	1	2
include/rift/discrete_state.hpp	2298	2	2
include/rift/discrete_state.hpp	2300	1	2
include/rift/discrete_state.hpp	2303	1	2
include/rift/discrete_state.hpp	2304	1	4
include/rift/discrete_state.hpp	2306	1	2
include/rift/discrete_state.hpp	2309	1	2
include/rift/discrete_state.hpp	2313	1	2
include/rift/discrete_state.hpp	2314	1	2
include/rift/discrete_state.hpp	2315	1	2
include/rift/discrete_state.hpp	2318	1	2
include/rift/discrete_state.hpp	2334	1	2
include/rift/discrete_state.hpp	2336	4	8
include/rift/discrete_state.hpp	2337	1	2
include/rift/discrete_state.hpp	2339	1	2
include/rift/discrete_state.hpp	2342	2	4
include/rift/discrete_state.hpp	2344	1	2
include/rift/discrete_state.hpp	2345	3	6
include/rift/discrete_state.hpp	2347	2	4
include/rift/discrete_state.hpp	2348	1	2
include/rift/discrete_state.hpp	2399	11	20
include/rift/discrete_state.hpp	2400	2	6
include/rift/discrete_state.hpp	2401	4	12
include/rift/discrete_state.hpp	2402	2	8
include/rift/discrete_state.hpp	2403	2	6
include/rift/discrete_state.hpp	2424	1	2
include/rift/discrete_state.hpp	2427	3	6
include/rift/discrete_state.hpp	2428	2	4
include/rift/discrete_state.hpp	2429	2	4
include/rift/discrete_state.hpp	2430	2	4
include/rift/discrete_state.hpp	2433	3	6
include/rift/discrete_state.hpp	2434	2	4
include/rift/discrete_state.hpp	2436	2	4
include/rift/discrete_state.hpp	2437	2	4
include/rift/discrete_state.hpp	2456	1	2
include/rift/discrete_state.hpp	2481	2	6
include/rift/discrete_state.hpp	2482	1	4
include/rift/discrete_state.hpp	2486	1	2
include/rift/discrete_state.hpp	2508	1	2
include/rift/discrete_state.hpp	2510	2	4
include/rift/discrete_state.hpp	2512	2	4
include/rift/discrete_state.hpp	2514	1	2
include/rift/discrete_state.hpp	2515	2	4
include/rift/discrete_state.hpp	2517	1	2
include/rift/discrete_state.hpp	2518	3	6
include/rift/discrete_state.hpp	2521	4	8
include/rift/discrete_state.hpp	2522	1	2
include/rift/discrete_state.hpp	2528	1	2
include/rift/discrete_state.hpp	2535	1	2
include/rift/discrete_state.hpp	2537	2	4
include/rift/discrete_state.hpp	2540	2	6
include/rift/discrete_state.hpp	2541	1	4
include/rift/discrete_state.hpp	2542	1	2
include/rift/discrete_state.hpp	2546	1	2
include/rift/discrete_state.hpp	2560	5	20
include/rift/discrete_state.hpp	2582	6	10
include/rift/discrete_state.hpp	2600	10	24
include/rift/discrete_state.hpp	2601	2	8
include/rift/discrete_state.hpp	2605	4	16
include/rift/discrete_state.hpp	2608	2	4
include/rift/discrete_state.hpp	2610	2	4
include/rift/discrete_state.hpp	2611	4	8
include/rift/discrete_state.hpp	2612	2	4
include/rift/discrete_state.hpp	2614	2	4
include/rift/discrete_state.hpp	2615	4	8
include/rift/discrete_state.hpp	2617	2	8
include/rift/discrete_state.hpp	2618	2	4
include/rift/discrete_state.hpp	2624	2	4
include/rift/discrete_state.hpp	2640	1	2
include/rift/discrete_state.hpp	2643	1	2
include/rift/discrete_state.hpp	2644	1	2
include/rift/discrete_state.hpp	2646	1	2
include/rift/discrete_state.hpp	2647	1	2
include/rift/discrete_state.hpp	2651	1	2
include/rift/discrete_state.hpp	2652	2	4
include/rift/discrete_state.hpp	2655	1	2
include/rift/discrete_state.hpp	2656	2	4
include/rift/discrete_state.hpp	2657	1	4
include/rift/discrete_state.hpp	2658	1	2
include/rift/discrete_state.hpp	2659	1	2
include/rift/discrete_state.hpp	2662	1	2
include/rift/discrete_state.hpp	2709	2	4
include/rift/discrete_state.hpp	2711	10	16
include/rift/discrete_state.hpp	2714	4	8
include/rift/discrete_state.hpp	2716	4	8
include/rift/discrete_state.hpp	2720	6	12
include/rift/discrete_state.hpp	2722	6	12
include/rift/discrete_state.hpp	2726	2	4
include/rift/discrete_state.hpp	2728	12	28
include/rift/discrete_state.hpp	2729	4	12
include/rift/discrete_state.hpp	2730	10	20
include/rift/discrete_state.hpp	2737	6	12
include/rift/discrete_state.hpp	2740	2	4
include/rift/discrete_state.hpp	2742	12	28
include/rift/discrete_state.hpp	2743	6	16
include/rift/discrete_state.hpp	2744	8	16
include/rift/discrete_state.hpp	2747	2	4
include/rift/discrete_state.hpp	2748	4	8
include/rift/discrete_state.hpp	2749	2	8
include/rift/discrete_state.hpp	2750	2	4
include/rift/discrete_state.hpp	2752	2	4
include/rift/discrete_state.hpp	2814	2	8
include/rift/discrete_state.hpp	2831	1	2
include/rift/discrete_state.hpp	2844	2	4
include/rift/discrete_state.hpp	2929	2	4
include/rift/discrete_state.hpp	2938	4	8
include/rift/discrete_state.hpp	2950	2	4
include/rift/discrete_state.hpp	2951	2	4
include/rift/discrete_state.hpp	2954	2	4
include/rift/discrete_state.hpp	2955	2	8
include/rift/discrete_state.hpp	2956	2	4
include/rift/discrete_state.hpp	2957	2	4
include/rift/discrete_state.hpp	2966	2	4
include/rift/discrete_state.hpp	2967	4	8
include/rift/discrete_state.hpp	2970	2	4
include/rift/discrete_state.hpp	2973	2	4
include/rift/discrete_state.hpp	2974	2	4
include/rift/discrete_state.hpp	2976	4	8
include/rift/discrete_state.hpp	2978	2	4
include/rift/discrete_state.hpp	2979	4	8
include/rift/discrete_state.hpp	2982	2	4
include/rift/discrete_state.hpp	2983	4	8
include/rift/discrete_state.hpp	2988	2	4
include/rift/discrete_state.hpp	2989	8	16
include/rift/discrete_state.hpp	2994	2	4
include/rift/discrete_state.hpp	2995	2	4
include/rift/discrete_state.hpp	2998	2	4
include/rift/discrete_state.hpp	2999	2	4
include/rift/discrete_state.hpp	3002	2	4
include/rift/discrete_state.hpp	3003	2	4
include/rift/discrete_state.hpp	3020	4	8
include/rift/discrete_state.hpp	3024	2	4
include/rift/discrete_state.hpp	3025	2	4
include/rift/discrete_state.hpp	3028	2	4
include/rift/discrete_state.hpp	3030	4	8
include/rift/discrete_state.hpp	3037	2	4
include/rift/discrete_state.hpp	3038	4	8
include/rift/discrete_state.hpp	3042	2	4
include/rift/discrete_state.hpp	3043	4	8
include/rift/discrete_state.hpp	3047	2	4
include/rift/discrete_state.hpp	3048	4	8
include/rift/discrete_state.hpp	3062	4	8
include/rift/discrete_state.hpp	3063	4	8
include/rift/discrete_state.hpp	3068	2	4
include/rift/discrete_state.hpp	3070	2	4
include/rift/discrete_state.hpp	3071	4	8
include/rift/discrete_state.hpp	3074	2	4
include/rift/discrete_state.hpp	3075	4	8
include/rift/discrete_state.hpp	3079	2	4
include/rift/discrete_state.hpp	3093	3	6
include/rift/discrete_state.hpp	3095	2	4
include/rift/discrete_state.hpp	3096	2	4
include/rift/discrete_state.hpp	3097	2	4
include/rift/discrete_state.hpp	3100	4	16
include/rift/discrete_state.hpp	3104	2	8
include/rift/discrete_state.hpp	3108	2	6
include/rift/discrete_state.hpp	3111	2	4
include/rift/discrete_state.hpp	3118	2	8
include/rift/discrete_state.hpp	3119	2	4
include/rift/discrete_state.hpp	3122	4	8
include/rift/discrete_state.hpp	3135	6	12
include/rift/discrete_state.hpp	3138	2	4
include/rift/discrete_state.hpp	3141	2	4
include/rift/discrete_state.hpp	3142	2	6
include/rift/discrete_state.hpp	3144	2	4
include/rift/discrete_state.hpp	3154	2	4
include/rift/discrete_state.hpp	3157	2	4
include/rift/discrete_state.hpp	3160	4	8
include/rift/discrete_state.hpp	3161	2	4
include/rift/discrete_state.hpp	3162	2	4
include/rift/discrete_state.hpp	3166	4	8
include/rift/discrete_state.hpp	3169	2	4
include/rift/discrete_state.hpp	3171	2	4
include/rift/discrete_state.hpp	3180	2	4
include/rift/discrete_state.hpp	3181	2	4
include/rift/discrete_state.hpp	3194	1	4
include/rift/discrete_state.hpp	3195	6	8
include/rift/discrete_state.hpp	3197	1	4
include/rift/discrete_state.hpp	3205	2	4
include/rift/discrete_state.hpp	3208	10	24
include/rift/discrete_state.hpp	3209	2	8
include/rift/discrete_state.hpp	3210	4	8
include/rift/discrete_state.hpp	3214	2	4
include/rift/discrete_state.hpp	3216	12	28
include/rift/discrete_state.hpp	3217	2	8
include/rift/discrete_state.hpp	3218	4	8
include/rift/discrete_state.hpp	3222	2	4
include/rift/discrete_state.hpp	3223	2	4
include/rift/discrete_state.hpp	3226	2	4
include/rift/discrete_state.hpp	3231	2	4
include/rift/discrete_state.hpp	3236	1	4
include/rift/discrete_state.hpp	3237	2	4
include/rift/discrete_state.hpp	3246	2	4
include/rift/discrete_state.hpp	3258	1	4
include/rift/discrete_state.hpp	3261	2	4
include/rift/discrete_state.hpp	3262	2	4
include/rift/discrete_state.hpp	3265	2	4
include/rift/discrete_state.hpp	3266	2	4
include/rift/discrete_state.hpp	3268	2	4
include/rift/discrete_state.hpp	3272	1	4
include/rift/discrete_state.hpp	3274	2	4
include/rift/discrete_state.hpp	3278	2	4
include/rift/discrete_state.hpp	3280	4	8
include/rift/discrete_state.hpp	3281	4	8
include/rift/discrete_state.hpp	3283	2	4
include/rift/discrete_state.hpp	3284	2	4
include/rift/discrete_state.hpp	3285	4	8
include/rift/discrete_state.hpp	3288	2	4
include/rift/discrete_state.hpp	3290	2	4
include/rift/discrete_state.hpp	3291	2	8
include/rift/discrete_state.hpp	3292	2	4
include/rift/discrete_state.hpp	3294	2	4
include/rift/discrete_state.hpp	3295	2	4
include/rift/discrete_state.hpp	3301	4	8
include/rift/discrete_state.hpp	3304	4	8
include/rift/discrete_state.hpp	3307	2	4
include/rift/discrete_state.hpp	3313	2	4
include/rift/mesh_snapshot.hpp	294	2	4
include/rift/mesh_snapshot.hpp	296	2	4
include/rift/mesh_snapshot.hpp	326	2	4
include/rift/mesh_snapshot.hpp	327	2	4
include/rift/mesh_snapshot.hpp	330	2	4
include/rift/mesh_snapshot.hpp	331	2	4
include/rift/mesh_snapshot.hpp	349	2	4
include/rift/mesh_snapshot.hpp	368	2	8
include/rift/mesh_snapshot.hpp	377	2	4
include/rift/mesh_snapshot.hpp	378	2	4
include/rift/mesh_snapshot.hpp	380	2	4
include/rift/mesh_snapshot.hpp	381	2	4
include/rift/mesh_snapshot.hpp	403	2	4
include/rift/mesh_snapshot.hpp	417	2	4
include/rift/mesh_snapshot.hpp	418	2	4
include/rift/mesh_snapshot.hpp	421	2	8
include/rift/mesh_snapshot.hpp	545	2	4
include/rift/mesh_snapshot.hpp	597	2	4
include/rift/mesh_snapshot.hpp	600	2	4
include/rift/mesh_snapshot.hpp	601	2	4
include/rift/mesh_snapshot.hpp	623	2	4
include/rift/mesh_snapshot.hpp	625	2	4
include/rift/mesh_snapshot.hpp	630	2	4
include/rift/mesh_snapshot.hpp	631	2	8
include/rift/mesh_snapshot.hpp	664	2	4
include/rift/phase_graph.hpp	360	1	2
include/rift/phase_graph.hpp	416	2	4
include/rift/phase_graph.hpp	438	1	2
include/rift/phase_graph.hpp	845	2	4
include/rift/strong_id.hpp	69	1	2
src/discrete_state.cpp	62	1	2
src/discrete_state.cpp	366	1	2
src/discrete_state.cpp	367	1	2
src/discrete_state.cpp	369	2	4
src/discrete_state.cpp	395	1	2
src/discrete_state.cpp	396	2	4
src/discrete_state.cpp	397	2	4
src/discrete_state.cpp	398	1	2
src/discrete_state.cpp	399	2	4
src/discrete_state.cpp	402	1	2
src/discrete_state.cpp	403	1	2
src/discrete_state.cpp	404	1	4
src/discrete_state.cpp	405	2	4
src/discrete_state.cpp	407	1	2
src/discrete_state.cpp	408	2	4
src/discrete_state.cpp	409	2	4
src/discrete_state.cpp	410	1	2
src/discrete_state.cpp	413	1	2
src/discrete_state.cpp	417	1	2
src/discrete_state.cpp	418	1	2
src/discrete_state.cpp	419	2	4
src/discrete_state.cpp	421	1	2
src/discrete_state.cpp	437	1	2
src/discrete_state.cpp	549	1	2
src/discrete_state.cpp	550	1	2
src/discrete_state.cpp	552	2	4
src/discrete_state.cpp	559	1	4
src/discrete_state.cpp	562	1	4
src/discrete_state.cpp	565	1	4
src/discrete_state.cpp	572	1	2
src/discrete_state.cpp	620	1	2
src/discrete_state.cpp	621	1	4
src/discrete_state.cpp	622	2	4
src/discrete_state.cpp	624	1	2
src/discrete_state.cpp	626	2	4
src/discrete_state.cpp	630	1	2
src/discrete_state.cpp	683	13	26
src/discrete_state.cpp	684	26	26
src/discrete_state.cpp	686	26	26
src/discrete_state.cpp	687	26	26
src/discrete_state.cpp	689	26	26
src/discrete_state.cpp	690	26	26
src/discrete_state.cpp	745	1	2
src/discrete_state.cpp	755	1	2
src/discrete_state.cpp	763	1	4
src/discrete_state.cpp	769	2	6
src/discrete_state.cpp	772	1	2
src/discrete_state.cpp	782	1	2
src/discrete_state.cpp	806	1	4
src/discrete_state.cpp	812	2	6
src/discrete_state.cpp	815	1	2
src/discrete_state.cpp	834	2	4
src/discrete_state.cpp	840	1	2
src/discrete_state.cpp	841	1	2
src/discrete_state.cpp	842	1	4
src/discrete_state.cpp	843	1	2
src/discrete_state.cpp	870	2	4
src/discrete_state.cpp	875	1	2
src/discrete_state.cpp	876	1	2
src/discrete_state.cpp	880	2	4
src/discrete_state.cpp	881	1	2
src/discrete_state.cpp	883	2	4
src/discrete_state.cpp	889	1	2
src/discrete_state.cpp	893	6	12
src/discrete_state.cpp	902	1	2
src/discrete_state.cpp	905	2	4
src/discrete_state.cpp	908	1	2
src/discrete_state.cpp	927	1	2
src/discrete_state.cpp	930	1	2
src/discrete_state.cpp	932	1	2
src/discrete_state.cpp	939	1	2
src/discrete_state.cpp	941	1	2
src/discrete_state.cpp	968	1	2
src/discrete_state.cpp	971	1	2
src/discrete_state.cpp	973	5	10
src/discrete_state.cpp	978	1	2
src/discrete_state.cpp	1004	1	2
src/discrete_state.cpp	1007	1	2
src/discrete_state.cpp	1019	1	2
src/discrete_state.cpp	1021	1	2
src/discrete_state.cpp	1095	1	2
src/discrete_state.cpp	1097	1	4
src/discrete_state.cpp	1100	1	2
src/discrete_state.cpp	1101	1	4
src/discrete_state.cpp	1105	1	2
src/discrete_state.cpp	1110	9	18
src/discrete_state.cpp	1120	1	2
src/discrete_state.cpp	1122	2	4
src/discrete_state.cpp	1125	1	2
src/discrete_state.cpp	1126	1	2
src/discrete_state.cpp	1128	2	4
src/discrete_state.cpp	1130	1	2
src/discrete_state.cpp	1131	1	2
src/discrete_state.cpp	1133	2	4
src/discrete_state.cpp	1135	6	12
src/discrete_state.cpp	1146	5	10
src/discrete_state.cpp	1152	2	4
src/discrete_state.cpp	1154	1	2
src/mesh_snapshot.cpp	72	1	4
src/mesh_snapshot.cpp	96	1	2
src/mesh_snapshot.cpp	104	1	2
src/mesh_snapshot.cpp	107	1	2
src/mesh_snapshot.cpp	118	1	2
src/mesh_snapshot.cpp	142	1	2
src/mesh_snapshot.cpp	187	1	2
src/mesh_snapshot.cpp	189	1	2
src/mesh_snapshot.cpp	190	1	2
src/mesh_snapshot.cpp	199	1	2
src/mesh_snapshot.cpp	201	1	2
src/mesh_snapshot.cpp	205	1	2
src/mesh_snapshot.cpp	209	1	2
src/mesh_snapshot.cpp	211	1	2
src/mesh_snapshot.cpp	215	1	2
src/mesh_snapshot.cpp	220	1	2
src/mesh_snapshot.cpp	222	1	2
src/mesh_snapshot.cpp	226	1	2
src/mesh_snapshot.cpp	258	1	2
src/mesh_snapshot.cpp	259	1	2
src/mesh_snapshot.cpp	261	1	2
src/mesh_snapshot.cpp	262	1	2
src/mesh_snapshot.cpp	263	1	2
src/mesh_snapshot.cpp	266	1	2
src/mesh_snapshot.cpp	268	1	2
src/mesh_snapshot.cpp	271	1	2
src/mesh_snapshot.cpp	273	1	2
src/mesh_snapshot.cpp	275	2	4
src/mesh_snapshot.cpp	278	1	2
src/mesh_snapshot.cpp	280	1	2
src/mesh_snapshot.cpp	282	1	2
src/mesh_snapshot.cpp	284	1	2
src/mesh_snapshot.cpp	286	1	2
src/mesh_snapshot.cpp	289	1	4
src/mesh_snapshot.cpp	294	1	2
src/mesh_snapshot.cpp	296	1	2
src/mesh_snapshot.cpp	298	1	4
src/mesh_snapshot.cpp	331	1	2
src/mesh_snapshot.cpp	351	1	2
src/mesh_snapshot.cpp	355	1	2
src/mesh_snapshot.cpp	359	2	4
src/mesh_snapshot.cpp	362	1	2
src/mesh_snapshot.cpp	366	1	2
src/mesh_snapshot.cpp	369	1	2
src/mesh_snapshot.cpp	377	1	2
src/mesh_snapshot.cpp	379	1	2
src/mesh_snapshot.cpp	380	1	2
src/mesh_snapshot.cpp	393	1	2
src/mesh_snapshot.cpp	394	1	2
src/phase_graph.cpp	93	1	2
src/phase_graph.cpp	132	1	2
src/phase_graph.cpp	240	1	2
src/phase_graph.cpp	247	1	2
src/phase_graph.cpp	248	1	2
src/phase_graph.cpp	280	1	2
src/phase_graph.cpp	282	1	2
src/phase_graph.cpp	283	1	2
src/phase_graph.cpp	285	1	2
src/phase_graph.cpp	287	1	2
src/phase_graph.cpp	288	1	2
src/phase_graph.cpp	289	1	2
src/phase_graph.cpp	290	1	2
src/phase_graph.cpp	292	1	2
src/phase_graph.cpp	294	1	2
src/phase_graph.cpp	401	1	2
src/phase_graph.cpp	536	2	4
src/phase_graph.cpp	541	1	2
src/phase_graph.cpp	545	1	2
src/phase_graph.cpp	546	3	6
src/phase_graph.cpp	549	1	2
src/phase_graph.cpp	550	3	6
src/phase_graph.cpp	553	1	2
src/phase_graph.cpp	554	3	6
src/phase_graph.cpp	557	2	4
src/phase_graph.cpp	561	1	2
src/phase_graph.cpp	562	2	4
src/phase_graph.cpp	568	1	2
src/phase_graph.cpp	569	2	4
src/phase_graph.cpp	579	1	2
src/phase_graph.cpp	585	1	2
src/phase_graph.cpp	586	3	6
src/phase_graph.cpp	589	1	2
src/phase_graph.cpp	603	1	2
src/phase_graph.cpp	607	1	2
src/phase_graph.cpp	608	3	6
src/phase_graph.cpp	611	1	2
src/phase_graph.cpp	612	3	6
src/phase_graph.cpp	616	1	2
src/phase_graph.cpp	617	3	6
src/phase_graph.cpp	620	2	4
src/phase_graph.cpp	624	1	2
src/phase_graph.cpp	625	2	4
src/phase_graph.cpp	631	1	2
src/phase_graph.cpp	632	2	4
src/phase_graph.cpp	636	1	2
src/phase_graph.cpp	664	1	2
src/phase_graph.cpp	665	2	4
src/phase_graph.cpp	669	1	2
src/phase_graph.cpp	670	2	4
src/phase_graph.cpp	682	1	2
src/phase_graph.cpp	683	3	6
src/phase_graph.cpp	690	1	2
src/phase_graph.cpp	691	2	4
src/phase_graph.cpp	692	1	2
src/phase_graph.cpp	698	1	2
src/phase_graph.cpp	699	2	4
src/phase_graph.cpp	700	1	2
src/phase_graph.cpp	733	1	2
src/phase_graph.cpp	735	1	2
src/phase_graph.cpp	736	2	4
src/phase_graph.cpp	738	1	2
src/phase_graph.cpp	740	1	2
src/phase_graph.cpp	743	1	2
src/phase_graph.cpp	745	5	10
src/phase_graph.cpp	747	1	2
src/phase_graph.cpp	748	1	2
src/phase_graph.cpp	770	1	2
src/phase_graph.cpp	771	1	2
src/phase_graph.cpp	793	1	2
src/phase_graph.cpp	795	1	4
src/phase_graph.cpp	799	4	8
src/phase_graph.cpp	800	1	2
src/phase_graph.cpp	804	1	6
src/phase_graph.cpp	805	1	4
src/phase_graph.cpp	806	1	2
src/phase_graph.cpp	807	1	2
src/phase_graph.cpp	808	1	2
src/phase_graph.cpp	831	1	2
src/phase_graph.cpp	834	1	2
src/phase_graph.cpp	835	1	2
src/phase_graph.cpp	838	1	2
src/phase_graph.cpp	841	1	2
src/phase_graph.cpp	865	1	2
src/phase_graph.cpp	866	1	2
src/phase_graph.cpp	868	1	2
src/phase_graph.cpp	869	1	2
src/phase_graph.cpp	872	1	2
src/phase_graph.cpp	874	1	2
src/phase_graph.cpp	881	2	2
src/phase_graph.cpp	883	2	4
src/phase_graph.cpp	884	1	2
src/phase_graph.cpp	885	1	2
src/phase_graph.cpp	891	1	2
src/phase_graph.cpp	893	1	2
src/phase_graph.cpp	894	1	2
src/phase_graph.cpp	895	4	8
src/phase_graph.cpp	901	1	2
src/phase_graph.cpp	905	1	2
src/phase_graph.cpp	906	1	2
src/phase_graph.cpp	907	1	4
src/phase_graph.cpp	926	1	2
src/phase_graph.cpp	928	1	2
src/phase_graph.cpp	933	1	2
src/phase_graph.cpp	935	1	2
src/phase_graph.cpp	942	1	2
src/phase_graph.cpp	952	1	2
src/phase_graph.cpp	953	3	6
src/phase_graph.cpp	954	4	8
src/phase_graph.cpp	1008	1	2
src/phase_graph.cpp	1028	2	4
src/phase_graph.cpp	1045	1	2
src/phase_graph.cpp	1049	1	2
src/phase_graph.cpp	1053	2	4
src/phase_graph.cpp	1068	1	2
src/phase_graph.cpp	1078	1	2
src/phase_graph.cpp	1089	2	6
src/phase_graph.cpp	1090	1	2
src/phase_graph.cpp	1101	1	2
src/phase_graph.cpp	1102	1	2
src/phase_graph.cpp	1106	1	2
src/phase_graph.cpp	1109	1	2
src/phase_graph.cpp	1110	3	6
src/phase_graph.cpp	1111	1	2
src/phase_graph.cpp	1112	1	2
src/phase_graph.cpp	1113	1	2
src/phase_graph.cpp	1114	1	2
src/phase_graph.cpp	1117	1	2
src/phase_graph.cpp	1120	1	2
src/phase_graph.cpp	1123	1	2
src/phase_graph.cpp	1124	3	6
src/phase_graph.cpp	1125	1	2
src/phase_graph.cpp	1126	2	4
src/phase_graph.cpp	1127	2	4
src/phase_graph.cpp	1128	1	2
src/phase_graph.cpp	1129	1	2
src/phase_graph.cpp	1130	1	2
src/phase_graph.cpp	1132	1	2
src/phase_graph.cpp	1135	1	2
src/phase_graph.cpp	1153	1	2
src/phase_graph.cpp	1155	2	4
src/phase_graph.cpp	1162	1	2
src/phase_graph.cpp	1164	1	2
src/phase_graph.cpp	1165	1	2
src/phase_graph.cpp	1166	1	4
src/phase_graph.cpp	1167	2	2
src/phase_graph.cpp	1168	1	2
src/phase_graph.cpp	1169	1	2
src/phase_graph.cpp	1174	1	2
src/phase_graph.cpp	1175	1	2
src/phase_graph.cpp	1178	1	2
src/phase_graph.cpp	1180	1	2
src/phase_graph.cpp	1189	1	2
src/phase_graph.cpp	1191	2	4
src/phase_graph.cpp	1195	1	2
src/phase_graph.cpp	1196	1	2
src/phase_graph.cpp	1198	1	2
src/phase_graph.cpp	1199	1	2
src/run_configuration.cpp	35	1	4
src/run_configuration.cpp	72	1	2
src/run_configuration.cpp	77	1	2
src/run_configuration.cpp	86	1	2
src/run_configuration.cpp	103	1	2
src/run_configuration.cpp	122	1	2
src/run_configuration.cpp	130	1	2
src/run_configuration.cpp	135	1	2
src/run_configuration.cpp	152	1	2
src/run_configuration.cpp	176	1	2
src/run_configuration.cpp	177	1	2
src/run_configuration.cpp	179	1	2
src/run_configuration.cpp	180	1	2
src/run_configuration.cpp	181	1	2
src/run_configuration.cpp	184	1	2
src/run_configuration.cpp	186	1	2
src/run_configuration.cpp	189	1	2
src/run_configuration.cpp	191	1	2
src/run_configuration.cpp	194	2	4
src/run_configuration.cpp	197	1	2
src/run_configuration.cpp	199	1	2
src/run_configuration.cpp	201	1	2
src/run_configuration.cpp	203	1	2
src/run_configuration.cpp	205	1	2
src/run_configuration.cpp	209	1	2
src/run_configuration.cpp	212	1	2
src/run_configuration.cpp	214	1	2
src/run_configuration.cpp	219	1	2
src/run_configuration.cpp	224	1	2
src/run_configuration.cpp	288	1	2
src/run_configuration.cpp	304	1	2
src/run_configuration.cpp	306	1	2
src/run_configuration.cpp	310	1	2
src/run_configuration.cpp	324	2	4
src/run_configuration.cpp	354	1	2
src/run_configuration.cpp	359	1	2
src/run_configuration.cpp	365	2	4
src/run_configuration.cpp	372	1	2
src/run_configuration.cpp	374	1	2
src/run_configuration.cpp	382	1	2
src/run_configuration.cpp	384	1	2
src/run_configuration.cpp	385	1	2
